xaxis; MM-Logdet; MM-Logdet-fix; MM-Matexp; CoLiDe-Fix; CoLiDe; DAGMA; NoTears
5.000000000000000000E+001;1.447500000000000000E+002;1.040000000000000000E+002;1.860000000000000000E+002;6.165000000000000000E+002;1.212500000000000000E+003;4.162500000000000000E+002;2.557500000000000000E+002
6.000000000000000000E+001;1.097500000000000000E+002;7.550000000000000000E+001;1.610000000000000000E+002;5.017500000000000000E+002;1.269500000000000000E+003;3.187500000000000000E+002;2.202500000000000000E+002
8.000000000000000000E+001;6.875000000000000000E+001;4.100000000000000000E+001;1.095000000000000000E+002;2.957500000000000000E+002;1.130000000000000000E+003;2.155000000000000000E+002;1.757500000000000000E+002
1.000000000000000000E+002;3.700000000000000000E+001;2.275000000000000000E+001;7.850000000000000000E+001;1.677500000000000000E+002;8.510000000000000000E+002;1.207500000000000000E+002;1.387500000000000000E+002
2.000000000000000000E+002;7.750000000000000000E+000;6.000000000000000000E+000;4.150000000000000000E+001;5.800000000000000000E+001;3.445000000000000000E+002;5.600000000000000000E+001;1.102500000000000000E+002
5.000000000000000000E+002;0.000000000000000000E+000;2.000000000000000000E+000;3.275000000000000000E+001;3.475000000000000000E+001;1.185000000000000000E+002;3.375000000000000000E+001;8.800000000000000000E+001
1.000000000000000000E+003;0.000000000000000000E+000;2.000000000000000000E+000;3.725000000000000000E+001;3.400000000000000000E+001;1.047500000000000000E+002;3.675000000000000000E+001;8.700000000000000000E+001
5.000000000000000000E+003;0.000000000000000000E+000;2.000000000000000000E+000;3.950000000000000000E+001;2.775000000000000000E+001;1.127500000000000000E+002;2.800000000000000000E+001;7.100000000000000000E+001
