xaxis; MM-Logdet; MM-Logdet-fix; MM-Matexp; CoLiDe-Fix; CoLiDe; DAGMA; NoTears
5.000000000000000000E+001;1.326399999999999864E+002;9.676000000000000512E+001;1.829799999999999898E+002;5.961000000000000227E+002;1.176259999999999991E+003;3.930799999999999841E+002;2.384199999999999875E+002
6.000000000000000000E+001;1.014200000000000017E+002;6.892000000000000171E+001;1.593400000000000034E+002;4.718199999999999932E+002;1.231740000000000009E+003;3.028999999999999773E+002;2.037800000000000011E+002
8.000000000000000000E+001;6.215999999999999659E+001;3.689999999999999858E+001;1.035999999999999943E+002;2.808399999999999750E+002;1.092500000000000000E+003;1.944199999999999875E+002;1.628799999999999955E+002
1.000000000000000000E+002;3.361999999999999744E+001;1.926000000000000156E+001;7.259999999999999432E+001;1.511399999999999864E+002;8.267400000000000091E+002;1.085600000000000023E+002;1.231800000000000068E+002
2.000000000000000000E+002;5.240000000000000213E+000;4.639999999999999680E+000;3.310000000000000142E+001;4.292000000000000171E+001;3.191000000000000227E+002;4.010000000000000142E+001;9.381999999999999318E+001
5.000000000000000000E+002;1.400000000000000133E-001;1.620000000000000107E+000;4.028000000000000114E+001;2.860000000000000142E+001;1.014800000000000040E+002;2.703999999999999915E+001;7.604000000000000625E+001
1.000000000000000000E+003;2.000000000000000042E-002;1.340000000000000080E+000;4.946000000000000085E+001;3.114000000000000057E+001;9.057999999999999829E+001;3.028000000000000114E+001;8.137999999999999545E+001
5.000000000000000000E+003;5.999999999999999778E-001;1.060000000000000053E+000;6.415999999999999659E+001;2.414000000000000057E+001;8.487999999999999545E+001;2.460000000000000142E+001;6.506000000000000227E+001
